dataset,model,algo,model_type,mse_96,mae_96,mse_192,mae_192,mse_336,mae_336,mse_720,mae_720
exchange_rate.csv,SSA_linear,SSA,linear,0.05260594236782573,0.17082850138346353,0.1706243966100824,0.33193062723681915,0.3079257902440843,0.4360637329790438,0.5267225680696289,0.5797875141325121
ETTh1.csv,SSA_linear,SSA,linear,0.2942844757880831,0.3727906957984086,0.3259038198639063,0.3940103411042691,0.3662669830552413,0.4257344103506787,0.4356418130585111,0.4954447626816791
ETTh2.csv,SSA_linear,SSA,linear,0.23136729871566372,0.3192994919787111,0.28251612791714314,0.35904623195905777,0.317475742550626,0.3972082011891295,0.4804789614695253,0.5131159598485935
ETTm1.csv,SSA_linear,SSA,linear,0.2581088667450428,0.347583312888283,0.277863374290858,0.3579650103893007,0.30107327261618455,0.37718896468136426,0.3523254756616368,0.4162080992729438
ETTm2.csv,SSA_linear,SSA,linear,0.13496992469527536,0.2437757643093212,0.1785243908306463,0.2757130534159591,0.2163313637675681,0.3063422636537257,0.28147090397990804,0.3603225026539902
