dataset,model,algo,model_type,mse_96,mae_96,mse_192,mae_192,mse_336,mae_336,mse_720,mae_720
exchange_rate.csv,SSA_linear,SSA,linear,0.0613869091956363,0.1832654319285959,0.13011320060920437,0.28656123941340284,0.2009639643756701,0.3592779995311224,0.5203140909584935,0.5571540353500252
ETTh1.csv,SSA_linear,SSA,linear,0.2974522015837585,0.376555816383473,0.3277464879486569,0.3963176685470147,0.35517296612154475,0.4156544709229846,0.45192055084515553,0.5048034874889167
ETTh2.csv,SSA_linear,SSA,linear,0.2355177700090918,0.3211336618910957,0.29092282956050775,0.3674115622637317,0.3096115729945825,0.3940561200441715,0.4792378171540328,0.517679231196974
ETTm1.csv,SSA_linear,SSA,linear,0.25553480333937206,0.34288586149353617,0.28365245378988174,0.36450655630006856,0.2998943598060539,0.37280391562060433,0.35617341377567807,0.42364528980397687
ETTm2.csv,SSA_linear,SSA,linear,0.1313774705970944,0.2385505037023876,0.1845588724646148,0.2833607455681067,0.21380974781337064,0.3041613348544668,0.2903114377306327,0.3689665768619063
